Zaman damgası,Onaylıyor musunuz?,Yaşınız?,Cinsiyetiniz?,"Renklerin kokusu olsa, sizi en iyi yansıtan renk hangisi olurdu?","Bir ortama girdiğinde nasıl ""tanınmak"" istersiniz ? ",Hangi koku ailesi size daha yakın?,"Sıklıkla kullandığınız bir parfüm var mı, varsa ismi nedir? ",Kullandığınız parfümden ne kadar memnunsunuz?,Nasıl bir cilt tipine sahipsiniz?,Hangi tür parfümleri tercih edersiniz?,İdeal parfümünüzün yoğunluğu nasıl olmalı?,Günün hangi zamanlarında parfüm kullanma ihtimalin daha yüksek?,Bir parfümde hangisi sizin için daha önemli?”,Geçmişteki herhangi bir anınızla bağdaştırdığınız bir kokudan kısaca bahseder misiniz?  Bu koku nedir?,"Kokuyla bağdaştırdığınız anınızı kısaca anlatabilir misiniz? 

(örnek: Maya kokusu, bana annemin hazırladığı o şirin ekmekleri hatırlatır)",Bu anıyı düşündüğünüzde hangi duyguyu daha baskın hissediyorsunuz?,Duygunuzun baskınlık seviyesi nedir?
12.02.2026 22:19:51,"Okudum, onaylıyorum",20,Kadın,Kırmızı,Gizemli ve Çekici,"Soft Amber (Yumuşak Amber): Çikolata, Vanilya",Calvin Klein - Euphoria,5,Hassas,Eau de Parfum (EDP): Yoğun ve kalıcılığı yüksek olduğu için özellikle gece veya soğuk aylarda tercih edilir.,İz Bırakan: Ben odadan çıktıktan sonra bile kokum orada kalsın.,"Fark etmez, benim kokum her an benimledir",İçerik kalitesi,Christian Lacroix Nuit parfüm,Bana ilk hediye edilen parfümdü. Uzun bir süre kokusunu aradım.,Özlem ve Nostalji,5
12.02.2026 22:27:41,"Okudum, onaylıyorum",20,Kadın,Yeşil,Taze ve Enerjik,"Soft Floral (Yumuşak Çiçeksi): Menekşe, gül",Yok,3,Karma,"Eau de Toilette (EDT):Gündelik kullanıma ve dört mevsime uygun , hafif yoğunluğuyla özellikle yaz aylarında ferah hissettirir.",Orta: Yanımdan geçenler hafif bir esinti duysun ama kimseyi rahatsız etmesin.,Sabah güne başlarken (Günlük / İş / Okul),Ulaşılabilir fiyat,yok,Yok,Özlem ve Nostalji,2
12.02.2026 22:34:34,"Okudum, onaylıyorum",21,Erkek,mavi,Taze ve Enerjik,"Dry Woods (Kuru Odunsu): Sedir ağac, Tütsü",savage dior,5,Normal,Eau de Parfum (EDP): Yoğun ve kalıcılığı yüksek olduğu için özellikle gece veya soğuk aylarda tercih edilir.,Güçlü: Bir odaya girdiğimde kokum hemen fark edilsin.,Sadece özel günlerde ve davetlerde,İçerik kalitesi,onun kokusu,ex,Özlem ve Nostalji,3
12.02.2026 22:41:04,"Okudum, onaylıyorum",20,Kadın,Pembe,Doğal ve Duru,"Soft Floral (Yumuşak Çiçeksi): Menekşe, gül",Mint,3,Karma,"Eau de Toilette (EDT):Gündelik kullanıma ve dört mevsime uygun , hafif yoğunluğuyla özellikle yaz aylarında ferah hissettirir.",Orta: Yanımdan geçenler hafif bir esinti duysun ama kimseyi rahatsız etmesin.,Akşam dışarı çıkarken (Buluşma / Eğlence / Sosyal Ortam),Ulaşılabilir fiyat,Çimen kokusu icime huzur veriyor,İstanbul'daki kestanecilerin onu pişirirken çıkan köz kokusu köyüme olan özlemimi hatırlatıyor,Özlem ve Nostalji,2
12.02.2026 23:16:41,"Okudum, onaylıyorum",19,Erkek,kahverengi,Taze ve Enerjik,"Dry Woods (Kuru Odunsu): Sedir ağac, Tütsü",jpg le male exilir absolu,5,Normal,Eau de Parfum (EDP): Yoğun ve kalıcılığı yüksek olduğu için özellikle gece veya soğuk aylarda tercih edilir.,Orta: Yanımdan geçenler hafif bir esinti duysun ama kimseyi rahatsız etmesin.,"Fark etmez, benim kokum her an benimledir",İçerik kalitesi,yok,yok,Huzur ve Güven,5
12.02.2026 23:40:11,"Okudum, onaylıyorum",20,Kadın,Beyaz ,Doğal ve Duru,"Soft Floral (Yumuşak Çiçeksi): Menekşe, gül",Mad y101,5,Karma,Eau de Parfum (EDP): Yoğun ve kalıcılığı yüksek olduğu için özellikle gece veya soğuk aylarda tercih edilir.,Orta: Yanımdan geçenler hafif bir esinti duysun ama kimseyi rahatsız etmesin.,Sabah güne başlarken (Günlük / İş / Okul),Ulaşılabilir fiyat,hanımeli kokusu,Anneannemin bahçesinde çocukken duyduğum hanımeli kokusu,Özlem ve Nostalji,4
13.02.2026 00:17:14,"Okudum, onaylıyorum",24,Erkek,Lacivert,Taze ve Enerjik,"Soft Amber (Yumuşak Amber): Çikolata, Vanilya",Althaır Parfums de Marly,5,Karma,Eau de Parfum (EDP): Yoğun ve kalıcılığı yüksek olduğu için özellikle gece veya soğuk aylarda tercih edilir.,Orta: Yanımdan geçenler hafif bir esinti duysun ama kimseyi rahatsız etmesin.,Sabah güne başlarken (Günlük / İş / Okul),İçerik kalitesi,Çocukluğumda CD'lerin plastik kutuları olurdu. Bu kutuların petrokimyasal kokuları olurdu. Bu kokuyu unutamıyorum.,Bir önceki soruda verdiğim cevaptaki plastik kutuların kokusu bana her zaman çocukluğumu ve o kutulardan çıkardığım CD'lerle izlediğim animasyonları hatırlatır.,Masumiyet ve Tazelik,4
13.02.2026 00:54:02,"Okudum, onaylıyorum",21,Erkek,Yeşil,Taze ve Enerjik,"Mossy Woods (Yosunlu Odunsu): Meşe yosunu, Paçuli",Tom Ford Japon noir,4,Karma,"Eau de Toilette (EDT):Gündelik kullanıma ve dört mevsime uygun , hafif yoğunluğuyla özellikle yaz aylarında ferah hissettirir.",Orta: Yanımdan geçenler hafif bir esinti duysun ama kimseyi rahatsız etmesin.,Sabah güne başlarken (Günlük / İş / Okul),İçerik kalitesi,Suni deri kokusu üzerine işlenmiş toprak ve çimen kokusu,Sokakta oynadığım futbol topumun suni deriyle karışık toprak ve çimen kokusu beni çocukluğumun yalancı özgürlüğüne götürüyor,Neşe ve Enerji,4
13.02.2026 04:16:49,"Okudum, onaylıyorum",22,Erkek,Turuncu,Taze ve Enerjik,"Woody Amber (Odunsu Amber): Köz, Reçine, Amber",Jean paul galtier le male,5,Karma,Eau de Parfum (EDP): Yoğun ve kalıcılığı yüksek olduğu için özellikle gece veya soğuk aylarda tercih edilir.,Orta: Yanımdan geçenler hafif bir esinti duysun ama kimseyi rahatsız etmesin.,Akşam dışarı çıkarken (Buluşma / Eğlence / Sosyal Ortam),İçerik kalitesi,Oyle bi koku yok,Yok,Huzur ve Güven,1
13.02.2026 10:44:56,"Okudum, onaylıyorum",20,Erkek,Mavi ,Tatlı ve Sempatik,"Aromatic (Aromatik): Fesleğen, Adaçayı",Yok,3,Yağlı,"Eau de Toilette (EDT):Gündelik kullanıma ve dört mevsime uygun , hafif yoğunluğuyla özellikle yaz aylarında ferah hissettirir.","Tene Yakın: Çok hafif olsun, sadece ben ve bana sarılanlar duysun.",Sabah güne başlarken (Günlük / İş / Okul),İçerik kalitesi,.,.,Özlem ve Nostalji,5
13.02.2026 11:12:56,"Okudum, onaylıyorum",19,Erkek,Lacivert,Gizemli ve Çekici,"Citrus (Narenciye): Limon kabuğu, Yeşil elma",Zara Pour Homme II,4,Normal,Eau de Parfum (EDP): Yoğun ve kalıcılığı yüksek olduğu için özellikle gece veya soğuk aylarda tercih edilir.,Orta: Yanımdan geçenler hafif bir esinti duysun ama kimseyi rahatsız etmesin.,"Fark etmez, benim kokum her an benimledir",İçerik kalitesi,-,-,Tutku ve Heyecan,4
13.02.2026 13:10:37,"Okudum, onaylıyorum",21,Erkek,kahverengi ,Gizemli ve Çekici,"Dry Woods (Kuru Odunsu): Sedir ağac, Tütsü",dior savage elixir ,4,Kuru,Eau de Parfum (EDP): Yoğun ve kalıcılığı yüksek olduğu için özellikle gece veya soğuk aylarda tercih edilir.,Orta: Yanımdan geçenler hafif bir esinti duysun ama kimseyi rahatsız etmesin.,"Fark etmez, benim kokum her an benimledir",İçerik kalitesi,toprak,yağmurdan sonra hafif esinti ile gelen toprak kokusi,Tutku ve Heyecan,5
13.02.2026 13:54:40,"Okudum, onaylıyorum",22,Erkek,Mavi,Taze ve Enerjik,"Citrus (Narenciye): Limon kabuğu, Yeşil elma",Guc guilty love,4,Normal,Eau de Parfum (EDP): Yoğun ve kalıcılığı yüksek olduğu için özellikle gece veya soğuk aylarda tercih edilir.,Orta: Yanımdan geçenler hafif bir esinti duysun ama kimseyi rahatsız etmesin.,Sabah güne başlarken (Günlük / İş / Okul),İçerik kalitesi,"sevgilimin saçlarının kokusu, keçi sütlü bir şampuan ",Dediğim gibi onun saçları ,Huzur ve Güven,4
13.02.2026 14:55:52,"Okudum, onaylıyorum",24,Erkek,Koyu yeşil,Tatlı ve Sempatik,"Dry Woods (Kuru Odunsu): Sedir ağac, Tütsü",Hatemoğlu legend,5,Normal,"Eau de Toilette (EDT):Gündelik kullanıma ve dört mevsime uygun , hafif yoğunluğuyla özellikle yaz aylarında ferah hissettirir.",Orta: Yanımdan geçenler hafif bir esinti duysun ama kimseyi rahatsız etmesin.,Sabah güne başlarken (Günlük / İş / Okul),İçerik kalitesi,Yeni kesilmiş çimen kokusu,Küçükken babamın ya da vefat dedemin evimizin bahçesindeki çimleri kestiği anlar gözümün önüne geliyor huzur veriyor ,Huzur ve Güven,3
13.02.2026 14:55:55,"Okudum, onaylıyorum",22,Erkek,Pembe,Gizemli ve Çekici,"Dry Woods (Kuru Odunsu): Sedir ağac, Tütsü",Calvin Klein - Be,5,Normal,Eau de Parfum (EDP): Yoğun ve kalıcılığı yüksek olduğu için özellikle gece veya soğuk aylarda tercih edilir.,Orta: Yanımdan geçenler hafif bir esinti duysun ama kimseyi rahatsız etmesin.,Akşam dışarı çıkarken (Buluşma / Eğlence / Sosyal Ortam),İçerik kalitesi,Taze fırından çıkmış ekmek kokusu,Fırının önünden geçmiştim,Huzur ve Güven,1
13.02.2026 15:18:49,"Okudum, onaylıyorum",18,Erkek,Turuncu,Gizemli ve Çekici,"Soft Amber (Yumuşak Amber): Çikolata, Vanilya",Jazz club,4,Yağlı,Eau de Parfum (EDP): Yoğun ve kalıcılığı yüksek olduğu için özellikle gece veya soğuk aylarda tercih edilir.,Güçlü: Bir odaya girdiğimde kokum hemen fark edilsin.,Tazelenmek istediğim her an (Spor sonrası veya gün içi),İçerik kalitesi,Fresh kokular 9. Sınıf anılarımı cagrıstırıyor bana,"Rom notası, bana nostaljik bir film sahnesındeymısım gıbı hıssettırır",Özlem ve Nostalji,3
13.02.2026 15:22:48,"Okudum, onaylıyorum",20,Kadın,Pembe,Taze ve Enerjik,"Aromatic (Aromatik): Fesleğen, Adaçayı",Viva La vita,3,Kuru,"Eau de Toilette (EDT):Gündelik kullanıma ve dört mevsime uygun , hafif yoğunluğuyla özellikle yaz aylarında ferah hissettirir.",Orta: Yanımdan geçenler hafif bir esinti duysun ama kimseyi rahatsız etmesin.,Tazelenmek istediğim her an (Spor sonrası veya gün içi),İçerik kalitesi,Lavanta kokusu,Lavanta oldum olası severim çiçeğinide çok severim ,Huzur ve Güven,5
13.02.2026 15:28:07,"Okudum, onaylıyorum",20,Kadın,Sarı,Taze ve Enerjik,"Soft Floral (Yumuşak Çiçeksi): Menekşe, gül",Atraccion,5,Hassas,"Eau de Toilette (EDT):Gündelik kullanıma ve dört mevsime uygun , hafif yoğunluğuyla özellikle yaz aylarında ferah hissettirir.","Tene Yakın: Çok hafif olsun, sadece ben ve bana sarılanlar duysun.","Fark etmez, benim kokum her an benimledir",İçerik kalitesi,Bu koku tam bir ilkbaharın gelişi kokusu öyle temiz öyle ferah,Çiçek kokusu babamın aldığı çiçekleri hatırlatır,Neşe ve Enerji,3
13.02.2026 15:30:13,"Okudum, onaylıyorum",56,Kadın,Beyaz,Doğal ve Duru,"Soft Floral (Yumuşak Çiçeksi): Menekşe, gül",Gucci bloom,5,Karma,Eau de Parfum (EDP): Yoğun ve kalıcılığı yüksek olduğu için özellikle gece veya soğuk aylarda tercih edilir.,Orta: Yanımdan geçenler hafif bir esinti duysun ama kimseyi rahatsız etmesin.,Tazelenmek istediğim her an (Spor sonrası veya gün içi),İçerik kalitesi,Hatırlamıyorum sorun yaşamadım,Deniz kokusu çocukluğumu hatırlatır,Huzur ve Güven,1
13.02.2026 15:33:36,"Okudum, onaylıyorum",21,Erkek,"Turkuaz, bordo",Tatlı ve Sempatik,"Citrus (Narenciye): Limon kabuğu, Yeşil elma",Yok,3,Normal,"Eau de Toilette (EDT):Gündelik kullanıma ve dört mevsime uygun , hafif yoğunluğuyla özellikle yaz aylarında ferah hissettirir.",Orta: Yanımdan geçenler hafif bir esinti duysun ama kimseyi rahatsız etmesin.,Akşam dışarı çıkarken (Buluşma / Eğlence / Sosyal Ortam),İçerik kalitesi,Hoş şekerli bir koku,Anlatamam,Tutku ve Heyecan,4
13.02.2026 15:47:45,"Okudum, onaylıyorum",19,Kadın,mavi,Taze ve Enerjik,"Citrus (Narenciye): Limon kabuğu, Yeşil elma",sürekli değişir,3,Karma,"Eau de Toilette (EDT):Gündelik kullanıma ve dört mevsime uygun , hafif yoğunluğuyla özellikle yaz aylarında ferah hissettirir.",Orta: Yanımdan geçenler hafif bir esinti duysun ama kimseyi rahatsız etmesin.,Sabah güne başlarken (Günlük / İş / Okul),İçerik kalitesi,sümbül kokusu,bahçemizde geçirdiğim küçüklüğümü hatırlatır,Masumiyet ve Tazelik,5
13.02.2026 15:50:09,"Okudum, onaylıyorum",20,Kadın,kahverengi,Taze ve Enerjik,"Soft Floral (Yumuşak Çiçeksi): Menekşe, gül",plein soleil yves eocher,4,Karma,Eau de Parfum (EDP): Yoğun ve kalıcılığı yüksek olduğu için özellikle gece veya soğuk aylarda tercih edilir.,Güçlü: Bir odaya girdiğimde kokum hemen fark edilsin.,Sabah güne başlarken (Günlük / İş / Okul),Ulaşılabilir fiyat,uzun bir süre sonra çok özlediğim arkadaşımın kokusu. erkek kokusu.,bulamadım,Huzur ve Güven,5
13.02.2026 16:08:04,"Okudum, onaylıyorum",21,Kadın,Pembe,Güçlü ve Otoriter,"Soft Floral (Yumuşak Çiçeksi): Menekşe, gül",Marc Jacobs Perfect ,5,Kuru,Eau de Parfum (EDP): Yoğun ve kalıcılığı yüksek olduğu için özellikle gece veya soğuk aylarda tercih edilir.,Orta: Yanımdan geçenler hafif bir esinti duysun ama kimseyi rahatsız etmesin.,Sabah güne başlarken (Günlük / İş / Okul),İçerik kalitesi,Annemin parfümü,Annemin parfümü o hazırlanırken yanında durmayı hatırlatır,Masumiyet ve Tazelik,4
13.02.2026 16:15:53,"Okudum, onaylıyorum",19,Kadın,Vanilya beyazı ,Zarif ve Romantik,"Soft Amber (Yumuşak Amber): Çikolata, Vanilya",Zara ray of wonder rose ,5,Karma,"Eau de Toilette (EDT):Gündelik kullanıma ve dört mevsime uygun , hafif yoğunluğuyla özellikle yaz aylarında ferah hissettirir.",Orta: Yanımdan geçenler hafif bir esinti duysun ama kimseyi rahatsız etmesin.,"Fark etmez, benim kokum her an benimledir",İçerik kalitesi,Yaz akşamları sevdiğim insanlar ile sahilde yürürken burnuma gelen hafif kokum.Vs’ın velvet petals kokusu ,Amber kokusu yazlıkta ailem ile muhabbet ettigimiz anlari hatırlatır ,Özlem ve Nostalji,5
13.02.2026 16:18:50,"Okudum, onaylıyorum",19,Kadın,Pembe-Kahve,Tatlı ve Sempatik,"Soft Amber (Yumuşak Amber): Çikolata, Vanilya",Varens Vanilla Caramel,5,Yağlı,"Eau de Toilette (EDT):Gündelik kullanıma ve dört mevsime uygun , hafif yoğunluğuyla özellikle yaz aylarında ferah hissettirir.",Orta: Yanımdan geçenler hafif bir esinti duysun ama kimseyi rahatsız etmesin.,"Fark etmez, benim kokum her an benimledir",Şişe tasarımı,Vişne orman meyvesi kokusu,Çocukluk anılarımı hatırlatıyor,Masumiyet ve Tazelik,3
13.02.2026 16:21:45,"Okudum, onaylıyorum",20,Kadın,Açık gri ve pembe,Doğal ve Duru,"Soft Amber (Yumuşak Amber): Çikolata, Vanilya",Loris floral k201 numara ,5,Karma,Eau de Parfum (EDP): Yoğun ve kalıcılığı yüksek olduğu için özellikle gece veya soğuk aylarda tercih edilir.,Orta: Yanımdan geçenler hafif bir esinti duysun ama kimseyi rahatsız etmesin.,"Fark etmez, benim kokum her an benimledir",İçerik kalitesi,Bir kere bir gün içinde 3 kişi parfümümü istemiş veya markasını sormuştu. Hocam da sınıfa gelince bu güzel koku kimden geliyor diyince herkes beni göstermişti,Çiçek kokusu annemin adını anımsatır ,Masumiyet ve Tazelik,3
13.02.2026 16:24:13,"Okudum, onaylıyorum",20,Kadın,Pembe,Tatlı ve Sempatik,"Soft Floral (Yumuşak Çiçeksi): Menekşe, gül",Burberry Her EDT,5,Karma,"Eau de Toilette (EDT):Gündelik kullanıma ve dört mevsime uygun , hafif yoğunluğuyla özellikle yaz aylarında ferah hissettirir.",Güçlü: Bir odaya girdiğimde kokum hemen fark edilsin.,Tazelenmek istediğim her an (Spor sonrası veya gün içi),İçerik kalitesi,Eski sevgilimin kokusunu yoldan geçerken aldığımda yaşadığımız birlite geçirdiğimiz anlara bir gidip geliyorum. ,Eski sevgilimin kokusunu yoldan geçerken aldığımda yaşadığımız birlite geçirdiğimiz anlara bir gidip geliyorum. ,Özlem ve Nostalji,1
13.02.2026 16:27:20,"Okudum, onaylıyorum",23,Kadın,Laci,Taze ve Enerjik,Water (Sucul): Deniz tuzu,Loris,3,Karma,"Eau de Toilette (EDT):Gündelik kullanıma ve dört mevsime uygun , hafif yoğunluğuyla özellikle yaz aylarında ferah hissettirir.",Orta: Yanımdan geçenler hafif bir esinti duysun ama kimseyi rahatsız etmesin.,"Fark etmez, benim kokum her an benimledir",İçerik kalitesi,Sanki çiçeklerin arasında koşuşturan çocuklar gibi,Kuş cıvıltısı güneşin doğuşu kıpır kıpır bir hissiyat,Neşe ve Enerji,4
13.02.2026 16:37:21,"Okudum, onaylıyorum",19,Kadın,Kahverengi ,Doğal ve Duru,"Soft Amber (Yumuşak Amber): Çikolata, Vanilya",Mad,4,Hassas,"Eau de Cologne (EDC):Yoğun kokulara hassasiyeti olanlar için uygun, gün içinde sıkça tazelenebilen en hafif seçenektir.",Orta: Yanımdan geçenler hafif bir esinti duysun ama kimseyi rahatsız etmesin.,Sabah güne başlarken (Günlük / İş / Okul),İçerik kalitesi,Vanilya,Vanilya bana huzuru anımsatıyor,Huzur ve Güven,4
13.02.2026 16:43:47,"Okudum, onaylıyorum",20,Kadın,Turuncu ,Doğal ve Duru,"Citrus (Narenciye): Limon kabuğu, Yeşil elma",Zara-Golden decade ,4,Hassas,Eau de Parfum (EDP): Yoğun ve kalıcılığı yüksek olduğu için özellikle gece veya soğuk aylarda tercih edilir.,Orta: Yanımdan geçenler hafif bir esinti duysun ama kimseyi rahatsız etmesin.,Sabah güne başlarken (Günlük / İş / Okul),İçerik kalitesi,"Zara pink flambe, ilk kullandığım parfümdür ",Bana geçmişte hissettiğim güzel anları hatırlatır,Masumiyet ve Tazelik,4
13.02.2026 17:03:56,"Okudum, onaylıyorum",49,Kadın,Pembe,Gizemli ve Çekici,"Mossy Woods (Yosunlu Odunsu): Meşe yosunu, Paçuli",Evidens,5,Karma,"Eau de Toilette (EDT):Gündelik kullanıma ve dört mevsime uygun , hafif yoğunluğuyla özellikle yaz aylarında ferah hissettirir.",İz Bırakan: Ben odadan çıktıktan sonra bile kokum orada kalsın.,Sabah güne başlarken (Günlük / İş / Okul),İçerik kalitesi,Çiçek,Çiçek kokusu bana tazeliği anlatır,Neşe ve Enerji,3
13.02.2026 17:16:57,"Okudum, onaylıyorum",18,Erkek,sarı,Tatlı ve Sempatik,"Citrus (Narenciye): Limon kabuğu, Yeşil elma",versace eros,4,Kuru,"Eau de Toilette (EDT):Gündelik kullanıma ve dört mevsime uygun , hafif yoğunluğuyla özellikle yaz aylarında ferah hissettirir.","Tene Yakın: Çok hafif olsun, sadece ben ve bana sarılanlar duysun.",Sabah güne başlarken (Günlük / İş / Okul),Ulaşılabilir fiyat,yok,yok,Huzur ve Güven,3
13.02.2026 17:33:42,"Okudum, onaylıyorum",19,Erkek,yeşil,Taze ve Enerjik,"Dry Woods (Kuru Odunsu): Sedir ağac, Tütsü",vip black 212,4,Normal,"Eau de Toilette (EDT):Gündelik kullanıma ve dört mevsime uygun , hafif yoğunluğuyla özellikle yaz aylarında ferah hissettirir.",Orta: Yanımdan geçenler hafif bir esinti duysun ama kimseyi rahatsız etmesin.,Sabah güne başlarken (Günlük / İş / Okul),Ulaşılabilir fiyat,kullandığım parfümü eski bir arkadaşımla almıştık onu hatırlıyorum,çam ağacı kokusu,Huzur ve Güven,2
13.02.2026 17:35:49,"Okudum, onaylıyorum",21,Erkek,Yeşil,Taze ve Enerjik,"Dry Woods (Kuru Odunsu): Sedir ağac, Tütsü",H,5,Kuru,Eau de Parfum (EDP): Yoğun ve kalıcılığı yüksek olduğu için özellikle gece veya soğuk aylarda tercih edilir.,Orta: Yanımdan geçenler hafif bir esinti duysun ama kimseyi rahatsız etmesin.,Sabah güne başlarken (Günlük / İş / Okul),İçerik kalitesi,K,Hj,Tutku ve Heyecan,3
13.02.2026 18:17:53,"Okudum, onaylıyorum",43,Erkek,Mavi,Doğal ve Duru,"Soft Floral (Yumuşak Çiçeksi): Menekşe, gül",Yok,3,Normal,"Eau de Toilette (EDT):Gündelik kullanıma ve dört mevsime uygun , hafif yoğunluğuyla özellikle yaz aylarında ferah hissettirir.",Orta: Yanımdan geçenler hafif bir esinti duysun ama kimseyi rahatsız etmesin.,Akşam dışarı çıkarken (Buluşma / Eğlence / Sosyal Ortam),İçerik kalitesi,Yok,Pisuvara konan kokulu plastik,Tutku ve Heyecan,3
13.02.2026 18:21:24,"Okudum, onaylıyorum",18,Erkek,pembe,Güçlü ve Otoriter,"Fruity (Meyveli): Şeftali, Ahududu",burberry her,1,Yağlı,Eau de Parfum (EDP): Yoğun ve kalıcılığı yüksek olduğu için özellikle gece veya soğuk aylarda tercih edilir.,Orta: Yanımdan geçenler hafif bir esinti duysun ama kimseyi rahatsız etmesin.,Sabah güne başlarken (Günlük / İş / Okul),Ulaşılabilir fiyat,kiraz cicegi kolonyasi ,pandemi,Özlem ve Nostalji,5
13.02.2026 18:21:55,"Okudum, onaylıyorum",20,Erkek,Mavi,Doğal ve Duru,"Aromatic (Aromatik): Fesleğen, Adaçayı",EfU801,4,Normal,Eau de Parfum (EDP): Yoğun ve kalıcılığı yüksek olduğu için özellikle gece veya soğuk aylarda tercih edilir.,Güçlü: Bir odaya girdiğimde kokum hemen fark edilsin.,Sabah güne başlarken (Günlük / İş / Okul),İçerik kalitesi,Limon kokusu,Sigara kokusu,Huzur ve Güven,4
13.02.2026 18:23:59,"Okudum, onaylıyorum",31,Erkek,Sarı,Gizemli ve Çekici,"Green (Yeşil): Çimen, Nane",Fahrenheit,5,Normal,Eau de Parfum (EDP): Yoğun ve kalıcılığı yüksek olduğu için özellikle gece veya soğuk aylarda tercih edilir.,İz Bırakan: Ben odadan çıktıktan sonra bile kokum orada kalsın.,"Fark etmez, benim kokum her an benimledir",Ulaşılabilir fiyat,Fahrenheit,Saygi duydugum bir insanin parfümü,Özlem ve Nostalji,3
13.02.2026 18:33:19,"Okudum, onaylıyorum",18,Kadın,Yeşil,Tatlı ve Sempatik,"Soft Amber (Yumuşak Amber): Çikolata, Vanilya",VS coconut ,4,Kuru,Eau de Parfum (EDP): Yoğun ve kalıcılığı yüksek olduğu için özellikle gece veya soğuk aylarda tercih edilir.,Orta: Yanımdan geçenler hafif bir esinti duysun ama kimseyi rahatsız etmesin.,Sabah güne başlarken (Günlük / İş / Okul),Şişe tasarımı,Yaz kokusu ,Tropikal meyveler yazı hatırlatır,Neşe ve Enerji,4
13.02.2026 19:47:07,"Okudum, onaylıyorum",27,Kadın,Soft ,Gizemli ve Çekici,"Soft Floral (Yumuşak Çiçeksi): Menekşe, gül",Mad V112 ,5,Yağlı,"Eau de Toilette (EDT):Gündelik kullanıma ve dört mevsime uygun , hafif yoğunluğuyla özellikle yaz aylarında ferah hissettirir.",Orta: Yanımdan geçenler hafif bir esinti duysun ama kimseyi rahatsız etmesin.,Sabah güne başlarken (Günlük / İş / Okul),İçerik kalitesi,Celebrety ,Yok ,Huzur ve Güven,5
13.02.2026 19:51:00,"Okudum, onaylıyorum",28,Kadın,Kırmızı,Gizemli ve Çekici,"Soft Floral (Yumuşak Çiçeksi): Menekşe, gül",Victoria secret bare,5,Normal,"Eau de Cologne (EDC):Yoğun kokulara hassasiyeti olanlar için uygun, gün içinde sıkça tazelenebilen en hafif seçenektir.",Orta: Yanımdan geçenler hafif bir esinti duysun ama kimseyi rahatsız etmesin.,"Fark etmez, benim kokum her an benimledir",İçerik kalitesi,Çiçeksi  ve tatlı kokular bana her zaman yazı ve sıcaklığı anımsatır oyüzden victoria secret bare,Çiçek kokusu yazı anımsatır ,Masumiyet ve Tazelik,5
13.02.2026 19:52:07,"Okudum, onaylıyorum",28,Kadın,Kırmızı,Taze ve Enerjik,"Soft Floral (Yumuşak Çiçeksi): Menekşe, gül",Prada,4,Karma,Eau de Parfum (EDP): Yoğun ve kalıcılığı yüksek olduğu için özellikle gece veya soğuk aylarda tercih edilir.,Orta: Yanımdan geçenler hafif bir esinti duysun ama kimseyi rahatsız etmesin.,"Fark etmez, benim kokum her an benimledir",İçerik kalitesi,Evet çiçeksi ,Heran ,Neşe ve Enerji,4
13.02.2026 20:00:31,"Okudum, onaylıyorum",18,Kadın,pembe,Zarif ve Romantik,"Soft Floral (Yumuşak Çiçeksi): Menekşe, gül",chanel chance,5,Karma,Eau de Parfum (EDP): Yoğun ve kalıcılığı yüksek olduğu için özellikle gece veya soğuk aylarda tercih edilir.,Orta: Yanımdan geçenler hafif bir esinti duysun ama kimseyi rahatsız etmesin.,Akşam dışarı çıkarken (Buluşma / Eğlence / Sosyal Ortam),İçerik kalitesi,prestijli ve yoğun bir kokuydu,annemin parfümü ne zaman kokusu burnuma gelse onu hatırlıyorum,Huzur ve Güven,5
13.02.2026 20:23:23,"Okudum, onaylıyorum",21,Erkek,Kahverengi ,Taze ve Enerjik,"Dry Woods (Kuru Odunsu): Sedir ağac, Tütsü",Ersağ :),3,Normal,"Eau de Toilette (EDT):Gündelik kullanıma ve dört mevsime uygun , hafif yoğunluğuyla özellikle yaz aylarında ferah hissettirir.",Orta: Yanımdan geçenler hafif bir esinti duysun ama kimseyi rahatsız etmesin.,Akşam dışarı çıkarken (Buluşma / Eğlence / Sosyal Ortam),İçerik kalitesi,Yok ,Yok,Tutku ve Heyecan,3
13.02.2026 20:27:06,"Okudum, onaylıyorum",21,Erkek,Mavi,Doğal ve Duru,"Woody Amber (Odunsu Amber): Köz, Reçine, Amber",Angels share,3,Karma,"Eau de Toilette (EDT):Gündelik kullanıma ve dört mevsime uygun , hafif yoğunluğuyla özellikle yaz aylarında ferah hissettirir.",Orta: Yanımdan geçenler hafif bir esinti duysun ama kimseyi rahatsız etmesin.,Sabah güne başlarken (Günlük / İş / Okul),İçerik kalitesi,Odunsu kokular geçmişi ve ferahlığı anımsatıyor,Çoçukluğumda yaşadığım yeri hatırlatıyor,Huzur ve Güven,3
13.02.2026 20:27:57,"Okudum, onaylıyorum",19,Erkek,Krem ve kırmızı,Güçlü ve Otoriter,"Woody Amber (Odunsu Amber): Köz, Reçine, Amber",Armani you,4,Hassas,"Eau de Toilette (EDT):Gündelik kullanıma ve dört mevsime uygun , hafif yoğunluğuyla özellikle yaz aylarında ferah hissettirir.",İz Bırakan: Ben odadan çıktıktan sonra bile kokum orada kalsın.,"Fark etmez, benim kokum her an benimledir",İçerik kalitesi,.,.,Tutku ve Heyecan,4
13.02.2026 20:31:51,"Okudum, onaylıyorum",60,Erkek,Açıkmavi,Doğal ve Duru,"Citrus (Narenciye): Limon kabuğu, Yeşil elma",Fahrenayt,4,Normal,"Eau de Toilette (EDT):Gündelik kullanıma ve dört mevsime uygun , hafif yoğunluğuyla özellikle yaz aylarında ferah hissettirir.","Tene Yakın: Çok hafif olsun, sadece ben ve bana sarılanlar duysun.","Fark etmez, benim kokum her an benimledir",İçerik kalitesi,Freş kokular,Sahilde hissediyorum,Neşe ve Enerji,4
13.02.2026 20:38:33,"Okudum, onaylıyorum",22,Erkek,Siyah,Güçlü ve Otoriter,"Soft Amber (Yumuşak Amber): Çikolata, Vanilya",Yok değişiyor ,5,Normal,"Eau de Toilette (EDT):Gündelik kullanıma ve dört mevsime uygun , hafif yoğunluğuyla özellikle yaz aylarında ferah hissettirir.",Orta: Yanımdan geçenler hafif bir esinti duysun ama kimseyi rahatsız etmesin.,Sabah güne başlarken (Günlük / İş / Okul),İçerik kalitesi,Bir koku var ama hatırlamıyorum ,.,Özlem ve Nostalji,4
13.02.2026 22:57:01,"Okudum, onaylıyorum",20,Kadın,bordo,Güçlü ve Otoriter,"Soft Floral (Yumuşak Çiçeksi): Menekşe, gül",ysl libre,3,Karma,Eau de Parfum (EDP): Yoğun ve kalıcılığı yüksek olduğu için özellikle gece veya soğuk aylarda tercih edilir.,Orta: Yanımdan geçenler hafif bir esinti duysun ama kimseyi rahatsız etmesin.,Sabah güne başlarken (Günlük / İş / Okul),Ulaşılabilir fiyat,annannemin evinin kokusu,direkt evleri ve evlerindeki anılarımız,Özlem ve Nostalji,5
13.02.2026 23:04:43,"Okudum, onaylıyorum",20,Kadın,Bordo ve Yeşil,Doğal ve Duru,"Green (Yeşil): Çimen, Nane",Yves Rocher Naturelle ,5,Hassas,"Eau de Toilette (EDT):Gündelik kullanıma ve dört mevsime uygun , hafif yoğunluğuyla özellikle yaz aylarında ferah hissettirir.",Orta: Yanımdan geçenler hafif bir esinti duysun ama kimseyi rahatsız etmesin.,Sabah güne başlarken (Günlük / İş / Okul),İçerik kalitesi,Haşlanmış Tavuk Pilav kokusu direkt yemek kokusu diyebilirim,Haşlanmış Tavuk kokusu bana anneannemin eskiden hazırladığı yemekleri hatırlatıyor ,Özlem ve Nostalji,5
13.02.2026 23:20:47,"Okudum, onaylıyorum",38,Kadın,Turkuaz,Gizemli ve Çekici,"Soft Floral (Yumuşak Çiçeksi): Menekşe, gül",Armani Code,5,Kuru,Eau de Parfum (EDP): Yoğun ve kalıcılığı yüksek olduğu için özellikle gece veya soğuk aylarda tercih edilir.,Güçlü: Bir odaya girdiğimde kokum hemen fark edilsin.,Sabah güne başlarken (Günlük / İş / Okul),İçerik kalitesi,Silgi kokusu ,Okula başladığım yılı ve okulu hatırlıyorum ,Tutku ve Heyecan,5
14.02.2026 05:55:09,"Okudum, onaylıyorum",21,Erkek,kahverengi,Doğal ve Duru,"Soft Amber (Yumuşak Amber): Çikolata, Vanilya",yok,2,Karma,"Eau de Toilette (EDT):Gündelik kullanıma ve dört mevsime uygun , hafif yoğunluğuyla özellikle yaz aylarında ferah hissettirir.","Tene Yakın: Çok hafif olsun, sadece ben ve bana sarılanlar duysun.",Tazelenmek istediğim her an (Spor sonrası veya gün içi),Ulaşılabilir fiyat,yok,yok,Masumiyet ve Tazelik,3
17.02.2026 15:20:05,"Okudum, onaylıyorum",19,Erkek,siyah,Zarif ve Romantik,Water (Sucul): Deniz tuzu,bargello 709,4,Karma,"Eau de Toilette (EDT):Gündelik kullanıma ve dört mevsime uygun , hafif yoğunluğuyla özellikle yaz aylarında ferah hissettirir.",Güçlü: Bir odaya girdiğimde kokum hemen fark edilsin.,Tazelenmek istediğim her an (Spor sonrası veya gün içi),İçerik kalitesi,bargello 709 bana yaz mevsimin verdiği güzel havayı hatırlatıyor,çayın kokusu güzel sohbetleri anımsatır,Neşe ve Enerji,3
17.02.2026 15:34:59,"Okudum, onaylıyorum",19,Erkek,Hasan Selim kirac,Güçlü ve Otoriter,"Dry Woods (Kuru Odunsu): Sedir ağac, Tütsü",Yok,1,Normal,"Eau de Cologne (EDC):Yoğun kokulara hassasiyeti olanlar için uygun, gün içinde sıkça tazelenebilen en hafif seçenektir.",Orta: Yanımdan geçenler hafif bir esinti duysun ama kimseyi rahatsız etmesin.,"Fark etmez, benim kokum her an benimledir",Refill imkanı,Nedie,Yok,Huzur ve Güven,3
17.02.2026 15:38:53,"Okudum, onaylıyorum",15,Kadın,Bej,Zarif ve Romantik,"Soft Amber (Yumuşak Amber): Çikolata, Vanilya",Paco rabanne fame,4,Karma,Eau de Parfum (EDP): Yoğun ve kalıcılığı yüksek olduğu için özellikle gece veya soğuk aylarda tercih edilir.,Güçlü: Bir odaya girdiğimde kokum hemen fark edilsin.,Sabah güne başlarken (Günlük / İş / Okul),Marka prestiji,Vanilyalı ciceksi ferah güclü bi koku,Annemi hatırlatan koku,Huzur ve Güven,4
17.02.2026 15:39:39,"Okudum, onaylıyorum",16,Kadın,Gece mavisi ve krem rengi ,Gizemli ve Çekici,"Soft Amber (Yumuşak Amber): Çikolata, Vanilya","VS Bare Vanilla, MUSCENT N465 Van Powder",5,Karma,Eau de Parfum (EDP): Yoğun ve kalıcılığı yüksek olduğu için özellikle gece veya soğuk aylarda tercih edilir.,Güçlü: Bir odaya girdiğimde kokum hemen fark edilsin.,Sabah güne başlarken (Günlük / İş / Okul),İçerik kalitesi,Islak toprak kokusu,Küçükken anneannemin yaşadığı köye gittiğim tatilleri hatırlatır ,Masumiyet ve Tazelik,2
17.02.2026 15:42:54,"Okudum, onaylıyorum",19,Erkek,Mavi,Taze ve Enerjik,"Citrus (Narenciye): Limon kabuğu, Yeşil elma",Sospiro vibrato,4,Karma,Eau de Parfum (EDP): Yoğun ve kalıcılığı yüksek olduğu için özellikle gece veya soğuk aylarda tercih edilir.,Güçlü: Bir odaya girdiğimde kokum hemen fark edilsin.,"Fark etmez, benim kokum her an benimledir",Ulaşılabilir fiyat,Sospiro vibrato,Yaz esintisi,Neşe ve Enerji,3
17.02.2026 15:58:03,"Okudum, onaylıyorum",15,Erkek,Mavi ,Tatlı ve Sempatik,Water (Sucul): Deniz tuzu,Yok,3,Karma,Eau de Parfum (EDP): Yoğun ve kalıcılığı yüksek olduğu için özellikle gece veya soğuk aylarda tercih edilir.,Orta: Yanımdan geçenler hafif bir esinti duysun ama kimseyi rahatsız etmesin.,"Fark etmez, benim kokum her an benimledir",İçerik kalitesi,Lavanta notası çocukluğumu hatırlatıyor ,Ana okul dönemi çocukluğumu bana lavanta kokusu hatırlatıyor ,Özlem ve Nostalji,3
17.02.2026 16:01:54,"Okudum, onaylıyorum",17,Kadın,Koyu kırmızı,Doğal ve Duru,"Fruity (Meyveli): Şeftali, Ahududu",Yok,3,Hassas,"Eau de Toilette (EDT):Gündelik kullanıma ve dört mevsime uygun , hafif yoğunluğuyla özellikle yaz aylarında ferah hissettirir.",Orta: Yanımdan geçenler hafif bir esinti duysun ama kimseyi rahatsız etmesin.,"Fark etmez, benim kokum her an benimledir",İçerik kalitesi,"Ananas kokusu,sahil kenarındaki yolda gece vakti yürürken arkadan hafif hafif gelen ferah bir koku. ","Ananas kokusu ve deniz kokusu,geçirdiğim en güzel yaz zamanını hatırlatıyor.Çok eğlendiğim ve çok huzurlu hissettiren zamanları hatırlatıyor.",Huzur ve Güven,5
17.02.2026 16:02:17,"Okudum, onaylıyorum",20,Erkek,Mor,Zarif ve Romantik,"Woody Amber (Odunsu Amber): Köz, Reçine, Amber",JPG le male elixir,5,Karma,Eau de Parfum (EDP): Yoğun ve kalıcılığı yüksek olduğu için özellikle gece veya soğuk aylarda tercih edilir.,Güçlü: Bir odaya girdiğimde kokum hemen fark edilsin.,Tazelenmek istediğim her an (Spor sonrası veya gün içi),İçerik kalitesi,Kahve çekirdeği kokusu,Çocukluk anımı depreştiriyor,Özlem ve Nostalji,4
17.02.2026 16:02:51,"Okudum, onaylıyorum",19,Erkek,sarı,Tatlı ve Sempatik,"Soft Amber (Yumuşak Amber): Çikolata, Vanilya",yok,4,Yağlı,Eau de Parfum (EDP): Yoğun ve kalıcılığı yüksek olduğu için özellikle gece veya soğuk aylarda tercih edilir.,Orta: Yanımdan geçenler hafif bir esinti duysun ama kimseyi rahatsız etmesin.,"Fark etmez, benim kokum her an benimledir",Ulaşılabilir fiyat,yok,kurabiye kokusu,Özlem ve Nostalji,5
17.02.2026 16:03:00,"Okudum, onaylıyorum",19,Erkek,mavi,Gizemli ve Çekici,Water (Sucul): Deniz tuzu,bleu de chanel,5,Yağlı,Eau de Parfum (EDP): Yoğun ve kalıcılığı yüksek olduğu için özellikle gece veya soğuk aylarda tercih edilir.,Orta: Yanımdan geçenler hafif bir esinti duysun ama kimseyi rahatsız etmesin.,"Fark etmez, benim kokum her an benimledir",İçerik kalitesi,yağmur kokusu,eski kış zamanlarını anımsatır,Özlem ve Nostalji,2
17.02.2026 16:06:47,"Okudum, onaylıyorum",16,Kadın,Lila-beyaz,Taze ve Enerjik,"Soft Floral (Yumuşak Çiçeksi): Menekşe, gül",Yves rocher  Plein Soleil,4,Normal,Eau de Parfum (EDP): Yoğun ve kalıcılığı yüksek olduğu için özellikle gece veya soğuk aylarda tercih edilir.,Orta: Yanımdan geçenler hafif bir esinti duysun ama kimseyi rahatsız etmesin.,Tazelenmek istediğim her an (Spor sonrası veya gün içi),Refill imkanı,"Midnight bloom,odunsu koku",2023-2024,Özlem ve Nostalji,3
17.02.2026 16:30:28,"Okudum, onaylıyorum",16,Erkek,beyaz,Taze ve Enerjik,"Citrus (Narenciye): Limon kabuğu, Yeşil elma",yok,3,Normal,Eau de Parfum (EDP): Yoğun ve kalıcılığı yüksek olduğu için özellikle gece veya soğuk aylarda tercih edilir.,Orta: Yanımdan geçenler hafif bir esinti duysun ama kimseyi rahatsız etmesin.,Sabah güne başlarken (Günlük / İş / Okul),Ulaşılabilir fiyat,Bir korku anında aldığım kokuyu yine aldığımda o korku anındaki stresi hissettiriyor. Hafif yanık ve ekşi bir koku,. ,Tutku ve Heyecan,5
17.02.2026 16:58:45,"Okudum, onaylıyorum",15,Kadın,beyaz,Doğal ve Duru,"Soft Amber (Yumuşak Amber): Çikolata, Vanilya",good girl blush,5,Normal,Eau de Parfum (EDP): Yoğun ve kalıcılığı yüksek olduğu için özellikle gece veya soğuk aylarda tercih edilir.,Güçlü: Bir odaya girdiğimde kokum hemen fark edilsin.,"Fark etmez, benim kokum her an benimledir",İçerik kalitesi,-,-,Masumiyet ve Tazelik,3
17.02.2026 20:12:47,"Okudum, onaylıyorum",19,Erkek,Siyah,Gizemli ve Çekici,"Woody Amber (Odunsu Amber): Köz, Reçine, Amber",Naxos,4,Karma,"Eau de Toilette (EDT):Gündelik kullanıma ve dört mevsime uygun , hafif yoğunluğuyla özellikle yaz aylarında ferah hissettirir.",Güçlü: Bir odaya girdiğimde kokum hemen fark edilsin.,Sadece özel günlerde ve davetlerde,İçerik kalitesi,Paradise gardenin hindistan cevizi kokusu,Kızlarla bolca vakit geçirdiğim dönemler,Özlem ve Nostalji,5
17.02.2026 23:35:00,"Okudum, onaylıyorum",20,Erkek,Mavi,Güçlü ve Otoriter,"Citrus (Narenciye): Limon kabuğu, Yeşil elma",.,4,Kuru,Eau de Parfum (EDP): Yoğun ve kalıcılığı yüksek olduğu için özellikle gece veya soğuk aylarda tercih edilir.,Güçlü: Bir odaya girdiğimde kokum hemen fark edilsin.,Sabah güne başlarken (Günlük / İş / Okul),Ulaşılabilir fiyat,.,.,Tutku ve Heyecan,3
18.02.2026 14:59:18,"Okudum, onaylıyorum",22,Kadın,pembe,Taze ve Enerjik,"Soft Amber (Yumuşak Amber): Çikolata, Vanilya",Carolina Herrera Good Girl Eau de Parfum ,5,Yağlı,Eau de Parfum (EDP): Yoğun ve kalıcılığı yüksek olduğu için özellikle gece veya soğuk aylarda tercih edilir.,İz Bırakan: Ben odadan çıktıktan sonra bile kokum orada kalsın.,"Fark etmez, benim kokum her an benimledir",İçerik kalitesi,YSL black optimum ,cocukluk anilwri,Neşe ve Enerji,3
18.02.2026 15:06:30,"Okudum, onaylıyorum",20,Kadın,altın sarı,Gizemli ve Çekici,"Soft Amber (Yumuşak Amber): Çikolata, Vanilya",Victoria’s Secret Bare Vanilla,5,Kuru,Eau de Parfum (EDP): Yoğun ve kalıcılığı yüksek olduğu için özellikle gece veya soğuk aylarda tercih edilir.,Orta: Yanımdan geçenler hafif bir esinti duysun ama kimseyi rahatsız etmesin.,Sabah güne başlarken (Günlük / İş / Okul),Ulaşılabilir fiyat,"insanların teninin kokusunu genelde hiç unutmam, o insanla görüşmüyor olsam bile",ilkokul arkadaslarımın kokusunu bile hala hatırlıyorum şu an koklasam tanırım,Özlem ve Nostalji,3
18.02.2026 20:44:44,"Okudum, onaylıyorum",21,Erkek,Kahverengi,Güçlü ve Otoriter,"Dry Woods (Kuru Odunsu): Sedir ağac, Tütsü",Grand Soir ,5,Karma,Eau de Parfum (EDP): Yoğun ve kalıcılığı yüksek olduğu için özellikle gece veya soğuk aylarda tercih edilir.,İz Bırakan: Ben odadan çıktıktan sonra bile kokum orada kalsın.,"Fark etmez, benim kokum her an benimledir",İçerik kalitesi,İlk kullandığım parfüm. O zaman için oldukça freş bir kokuydu. LCW den almıştım. ,Okula özenle hazırlanırken sıktığım zamanı hatırlatıyor. ,Özlem ve Nostalji,5
18.02.2026 20:48:09,"Okudum, onaylıyorum",19,Kadın,Yeşil,Doğal ve Duru,Water (Sucul): Deniz tuzu,Yok,3,Normal,"Eau de Toilette (EDT):Gündelik kullanıma ve dört mevsime uygun , hafif yoğunluğuyla özellikle yaz aylarında ferah hissettirir.",Orta: Yanımdan geçenler hafif bir esinti duysun ama kimseyi rahatsız etmesin.,Tazelenmek istediğim her an (Spor sonrası veya gün içi),Ulaşılabilir fiyat,.,.,Neşe ve Enerji,5
19.02.2026 18:56:14,"Okudum, onaylıyorum",20,Erkek,Koyu yeşil,Tatlı ve Sempatik,"Dry Woods (Kuru Odunsu): Sedir ağac, Tütsü",Yok,1,Normal,"Eau de Toilette (EDT):Gündelik kullanıma ve dört mevsime uygun , hafif yoğunluğuyla özellikle yaz aylarında ferah hissettirir.",Orta: Yanımdan geçenler hafif bir esinti duysun ama kimseyi rahatsız etmesin.,Sabah güne başlarken (Günlük / İş / Okul),Ulaşılabilir fiyat,çimen kokusu ,Dersten çıkıp dinlenmek için ferah güneşli günlerde ve pazar sabahları paklarda alıp huzur duyduğum koku,Huzur ve Güven,2
19.02.2026 22:42:51,"Okudum, onaylıyorum",20,Kadın,Mor,Taze ve Enerjik,"Woody Amber (Odunsu Amber): Köz, Reçine, Amber",mad- bruno gold,3,Karma,Eau de Parfum (EDP): Yoğun ve kalıcılığı yüksek olduğu için özellikle gece veya soğuk aylarda tercih edilir.,Orta: Yanımdan geçenler hafif bir esinti duysun ama kimseyi rahatsız etmesin.,"Fark etmez, benim kokum her an benimledir",İçerik kalitesi,vanilya kokulu parfüm,ablamın kokusu,Özlem ve Nostalji,5
19.02.2026 22:47:23,"Okudum, onaylıyorum",19,Kadın,kırmızı,Gizemli ve Çekici,"Fruity (Meyveli): Şeftali, Ahududu",Mad c119,5,Kuru,Eau de Parfum (EDP): Yoğun ve kalıcılığı yüksek olduğu için özellikle gece veya soğuk aylarda tercih edilir.,Güçlü: Bir odaya girdiğimde kokum hemen fark edilsin.,Tazelenmek istediğim her an (Spor sonrası veya gün içi),İçerik kalitesi,mad v-109 vanilyalı,arkadaşlarımla eğlendiğim anıları hatırlatıyor,Özlem ve Nostalji,5
19.02.2026 22:52:09,"Okudum, onaylıyorum",18,Erkek,Bordo/siyah,Gizemli ve Çekici,"Dry Woods (Kuru Odunsu): Sedir ağac, Tütsü",Stronger with you,5,Normal,"Eau de Toilette (EDT):Gündelik kullanıma ve dört mevsime uygun , hafif yoğunluğuyla özellikle yaz aylarında ferah hissettirir.",İz Bırakan: Ben odadan çıktıktan sonra bile kokum orada kalsın.,"Fark etmez, benim kokum her an benimledir",Marka prestiji,Tobacco vanille / Güçlü vanilya ve odunsu,2020 dönemini ve o dönemini ve o zamanki sevgilimi,Özlem ve Nostalji,5
19.02.2026 22:54:22,"Okudum, onaylıyorum",20,Kadın,yeşil,Taze ve Enerjik,"Soft Amber (Yumuşak Amber): Çikolata, Vanilya",Victoria's secret sunkissed fleur,5,Hassas,"Eau de Toilette (EDT):Gündelik kullanıma ve dört mevsime uygun , hafif yoğunluğuyla özellikle yaz aylarında ferah hissettirir.",Orta: Yanımdan geçenler hafif bir esinti duysun ama kimseyi rahatsız etmesin.,"Fark etmez, benim kokum her an benimledir",İçerik kalitesi,Ablamın she deodorantı / Çam ağacı kokusu,Ablam sıkıyordu / Yaşadığım yerde çok fazla ağaç vardı,Huzur ve Güven,5
19.02.2026 22:58:45,"Okudum, onaylıyorum",20,Kadın,Koyu mor / siyah,Gizemli ve Çekici,"Soft Amber (Yumuşak Amber): Çikolata, Vanilya",Lancome-la vie est belle / paco rabonne - olympea onyx - vs - midnight bloom,5,Karma,Eau de Parfum (EDP): Yoğun ve kalıcılığı yüksek olduğu için özellikle gece veya soğuk aylarda tercih edilir.,İz Bırakan: Ben odadan çıktıktan sonra bile kokum orada kalsın.,"Fark etmez, benim kokum her an benimledir",İçerik kalitesi,Çikolata kokusu,Yurdumuzun yanında çikolata fabrikası olduğu için yurt odamı hatırlatıyor,Masumiyet ve Tazelik,1
19.02.2026 23:07:46,"Okudum, onaylıyorum",19,Kadın,Kırmızı,Tatlı ve Sempatik,"Soft Floral (Yumuşak Çiçeksi): Menekşe, gül",Beaulis catch it,4,Hassas,"Eau de Toilette (EDT):Gündelik kullanıma ve dört mevsime uygun , hafif yoğunluğuyla özellikle yaz aylarında ferah hissettirir.","Tene Yakın: Çok hafif olsun, sadece ben ve bana sarılanlar duysun.",Sabah güne başlarken (Günlük / İş / Okul),Ulaşılabilir fiyat,Pudra kokusu ,Anneannemi anımsatır,Özlem ve Nostalji,3
19.02.2026 23:09:21,"Okudum, onaylıyorum",20,Erkek,Lacivert,Doğal ve Duru,"Dry Woods (Kuru Odunsu): Sedir ağac, Tütsü",La male elixir,5,Normal,Eau de Parfum (EDP): Yoğun ve kalıcılığı yüksek olduğu için özellikle gece veya soğuk aylarda tercih edilir.,Orta: Yanımdan geçenler hafif bir esinti duysun ama kimseyi rahatsız etmesin.,Sabah güne başlarken (Günlük / İş / Okul),Marka prestiji,Çam,Yok,Huzur ve Güven,3
19.02.2026 23:12:12,"Okudum, onaylıyorum",20,Kadın,Lacivert,Güçlü ve Otoriter,"Soft Amber (Yumuşak Amber): Çikolata, Vanilya",Dolce gabbana devotion,5,Karma,Eau de Parfum (EDP): Yoğun ve kalıcılığı yüksek olduğu için özellikle gece veya soğuk aylarda tercih edilir.,Güçlü: Bir odaya girdiğimde kokum hemen fark edilsin.,Sabah güne başlarken (Günlük / İş / Okul),İçerik kalitesi,Zara fashionably london,erkek arkadaşımla tanışma zamanımı hatırlatıyor,Tutku ve Heyecan,5
20.02.2026 16:20:24,"Okudum, onaylıyorum",21,Erkek,kırmızı,Tatlı ve Sempatik,"Soft Floral (Yumuşak Çiçeksi): Menekşe, gül",bargello 709,3,Karma,"Eau de Toilette (EDT):Gündelik kullanıma ve dört mevsime uygun , hafif yoğunluğuyla özellikle yaz aylarında ferah hissettirir.",İz Bırakan: Ben odadan çıktıktan sonra bile kokum orada kalsın.,"Fark etmez, benim kokum her an benimledir",İçerik kalitesi,"koku tam olrak eski istanbul beyfendileri gibi hissettiren bir kokuydu. buram buram beyoğlu, suriçi gibi hissettiriyordu.","
köyümün kokusu; bana nostalji ve çocukluğumu hatırlatıyor",Özlem ve Nostalji,4
20.02.2026 20:50:53,"Okudum, onaylıyorum",19,Erkek,Yeşil,Tatlı ve Sempatik,"Citrus (Narenciye): Limon kabuğu, Yeşil elma",Bargello 385,4,Karma,"Eau de Toilette (EDT):Gündelik kullanıma ve dört mevsime uygun , hafif yoğunluğuyla özellikle yaz aylarında ferah hissettirir.",Orta: Yanımdan geçenler hafif bir esinti duysun ama kimseyi rahatsız etmesin.,Sabah güne başlarken (Günlük / İş / Okul),İçerik kalitesi,Sigaranın kokusu arkadaşlarımla olan muhabbetimi anımsatır,İlk sigaram lise hayatımı hatırlatıyor,Özlem ve Nostalji,3
20.02.2026 20:55:48,"Okudum, onaylıyorum",20,Erkek,Mavi,Taze ve Enerjik,"Green (Yeşil): Çimen, Nane",Bargello 585,1,Karma,"Eau de Toilette (EDT):Gündelik kullanıma ve dört mevsime uygun , hafif yoğunluğuyla özellikle yaz aylarında ferah hissettirir.","Tene Yakın: Çok hafif olsun, sadece ben ve bana sarılanlar duysun.",Akşam dışarı çıkarken (Buluşma / Eğlence / Sosyal Ortam),İçerik kalitesi,Sedir ağacının kokusu eski sevgilimi,Sedir ağacının kokusu bana sevgilimin hazırladığı elmalı turtayı anımsatır,Tutku ve Heyecan,3
20.02.2026 21:08:51,"Okudum, onaylıyorum",20,Erkek,siyah,Güçlü ve Otoriter,"Woody Amber (Odunsu Amber): Köz, Reçine, Amber",Bargello 575,5,Karma,"Eau de Toilette (EDT):Gündelik kullanıma ve dört mevsime uygun , hafif yoğunluğuyla özellikle yaz aylarında ferah hissettirir.",Orta: Yanımdan geçenler hafif bir esinti duysun ama kimseyi rahatsız etmesin.,"Fark etmez, benim kokum her an benimledir",İçerik kalitesi,kahve kokusu,ilk içtiğim lise hayatında kahve özlemi anımsatıyor,Özlem ve Nostalji,4
20.02.2026 23:19:39,"Okudum, onaylıyorum",25,Erkek,Gri,Gizemli ve Çekici,"Dry Woods (Kuru Odunsu): Sedir ağac, Tütsü",Zara Black edition for men,5,Karma,"Eau de Toilette (EDT):Gündelik kullanıma ve dört mevsime uygun , hafif yoğunluğuyla özellikle yaz aylarında ferah hissettirir.",Orta: Yanımdan geçenler hafif bir esinti duysun ama kimseyi rahatsız etmesin.,"Fark etmez, benim kokum her an benimledir",İçerik kalitesi,Koku almadığım için anlamlı bir sonuç yaratacak cevabım yok ::(,Berk'in cs teklifime evet dediği an <3,Özlem ve Nostalji,3
21.02.2026 04:01:01,"Okudum, onaylıyorum",25,Erkek,Siyah,Gizemli ve Çekici,"Fruity (Meyveli): Şeftali, Ahududu",Only the brave,5,Normal,Eau de Parfum (EDP): Yoğun ve kalıcılığı yüksek olduğu için özellikle gece veya soğuk aylarda tercih edilir.,"Tene Yakın: Çok hafif olsun, sadece ben ve bana sarılanlar duysun.",Sabah güne başlarken (Günlük / İş / Okul),İçerik kalitesi,Yok,Yok,Huzur ve Güven,5
21.02.2026 14:04:08,"Okudum, onaylıyorum",25,Erkek,mavi,Tatlı ve Sempatik,"Citrus (Narenciye): Limon kabuğu, Yeşil elma",black orchid,4,Normal,"Eau de Toilette (EDT):Gündelik kullanıma ve dört mevsime uygun , hafif yoğunluğuyla özellikle yaz aylarında ferah hissettirir.",Orta: Yanımdan geçenler hafif bir esinti duysun ama kimseyi rahatsız etmesin.,Sabah güne başlarken (Günlük / İş / Okul),İçerik kalitesi,poğaça kokusu,annemin yaptığı poğaça,Huzur ve Güven,4
21.02.2026 17:42:08,"Okudum, onaylıyorum",27,Erkek,Mavi,Doğal ve Duru,"Green (Yeşil): Çimen, Nane",Zara,5,Hassas,"Eau de Toilette (EDT):Gündelik kullanıma ve dört mevsime uygun , hafif yoğunluğuyla özellikle yaz aylarında ferah hissettirir.",Orta: Yanımdan geçenler hafif bir esinti duysun ama kimseyi rahatsız etmesin.,"Fark etmez, benim kokum her an benimledir",Ulaşılabilir fiyat,Eski sevgilimi her rüyamda gördüğümde gül kokusu alıyorum ,Et kokusu çocukken gittiğim etliekmek fırınını hatırlatıyor,Özlem ve Nostalji,4
21.02.2026 21:08:35,"Okudum, onaylıyorum",23,Erkek,Turuncu,Gizemli ve Çekici,"Citrus (Narenciye): Limon kabuğu, Yeşil elma",Barrels&Oils Sports kokusunu ve yasemin kokusunu çok seviyorum.,3,Karma,"Eau de Toilette (EDT):Gündelik kullanıma ve dört mevsime uygun , hafif yoğunluğuyla özellikle yaz aylarında ferah hissettirir.",Güçlü: Bir odaya girdiğimde kokum hemen fark edilsin.,Akşam dışarı çıkarken (Buluşma / Eğlence / Sosyal Ortam),Ulaşılabilir fiyat,Kış aylarında açık havada yoğunlaşan odunsu koku. ,"Çocukken Konya'nın ilçesinde bababannemin ve dedemin yaşadığı evde geceleri aldığım bu koku, beni hayaller âlemine sürüklerdi. Çocukluğumu hatırlatır. ",Özlem ve Nostalji,4